Task #,Enhancement,Category,Description,Current Status,Duration (Hours),Start Time,End Time,Dependencies,Expected Output,Business Impact,Phase,Priority
1,Bi-directional CRM Integration (HubSpot),Seamless Integration,"Enhance existing HubSpot 2-way sync with real-time data synchronization, webhook support, and conflict resolution",Basic sync exists - needs enhancement,16,2025-11-12 01:19 PM,2025-11-13 05:19 AM,None,Real-time CRM sync preventing data silos,Critical - Prevents 10% revenue leakage,Phase 1: Foundation (0-3 months),CRITICAL
2,End-to-End Data Encryption,Comprehensive Data Security,Implement TLS 1.3 for data in transit and AES-256 for data at rest across PostgreSQL database,Not implemented,12,2025-11-13 05:19 AM,2025-11-13 05:19 PM,None,Enterprise-grade encryption protecting sales data,Critical - Required for financial services clients,Phase 1: Foundation (0-3 months),CRITICAL
3,Role-Based Access Controls (RBAC),Comprehensive Data Security,Build granular permission system with admin/manager/rep roles controlling data and feature access,Basic auth exists - needs RBAC,20,2025-11-13 05:19 PM,2025-11-14 01:19 PM,End-to-End Data Encryption,Team collaboration with security controls,High - Enables team expansion within accounts,Phase 1: Foundation (0-3 months),CRITICAL
4,Mobile-First UI Redesign,Intuitive User Interface,"Rebuild React dashboard as Progressive Web App (PWA) with mobile-responsive design, offline capability",Desktop-only dashboard exists,40,2025-11-14 01:19 PM,2025-11-16 05:19 AM,None,Mobile-accessible platform (56% of users),Critical - Expands TAM by 40%,Phase 1: Foundation (0-3 months),CRITICAL
5,Predictive Lead Scoring with ML,Advanced Analytics & AI,Deploy RandomForest/GradientBoosting models analyzing 30+ signals for conversion prediction,Basic MDCP scoring exists - needs ML upgrade,32,2025-11-16 05:19 AM,2025-11-17 01:19 PM,None,AI-powered lead prioritization,High - 40% increase in lead conversion,Phase 1: Foundation (0-3 months),CRITICAL
6,Automated Pipeline Risk Detection,Advanced Analytics & AI,"Real-time monitoring flagging at-risk deals based on engagement decay, timing, competitive threats",Not implemented,24,2025-11-17 01:19 PM,2025-11-18 01:19 PM,Predictive Lead Scoring with ML,Proactive deal risk alerts,Critical - 20% more accurate forecasting,Phase 1: Foundation (0-3 months),CRITICAL
7,Personalized Dashboard Customization,Intuitive User Interface,"Enable role-specific dashboard configs with drag-drop widgets, saved views, custom metrics",Fixed dashboard layout,28,2025-11-18 01:19 PM,2025-11-19 05:19 PM,Mobile-First UI Redesign,User-customizable intelligence views,High - 50% faster time-to-value,Phase 1: Foundation (0-3 months),CRITICAL
8,In-App Guidance & Onboarding,Customer Success & Retention,"Build progressive onboarding flow, interactive product tours, contextual tooltips",No onboarding system,20,2025-11-19 05:19 PM,2025-11-20 01:19 PM,Mobile-First UI Redesign,Guided user activation experience,High - 26% higher retention rates,Phase 1: Foundation (0-3 months),CRITICAL
9,Customer Health Scoring,Customer Success & Retention,"Build health score combining usage patterns, feature adoption, support tickets, engagement",No health monitoring,16,2025-11-20 01:19 PM,2025-11-21 05:19 AM,None,At-risk account identification,High - Identifies accounts needing intervention,Phase 1: Foundation (0-3 months),CRITICAL
10,Real-time Conversation Intelligence,Advanced Analytics & AI,"AI analysis of sales calls/meetings identifying successful tactics, buyer signals, sentiment",Not implemented,48,2025-11-21 05:19 AM,2025-11-23 05:19 AM,Predictive Lead Scoring with ML,Coaching recommendations from call analysis,High - 23% larger pipeline growth,Phase 2: Differentiation (3-6 months),HIGH
11,API-First Architecture,Seamless Integration,"Build comprehensive RESTful APIs with developer docs, rate limiting, versioning",Basic FastAPI (7 endpoints) - needs expansion,36,2025-11-23 05:19 AM,2025-11-24 05:19 PM,None,Developer-friendly API platform,High - Enables custom workflows,Phase 2: Differentiation (3-6 months),HIGH
12,SOC 2 Type II Certification,Comprehensive Data Security,"Achieve SOC 2 Type II compliance with security controls audit, documentation, monitoring",Not started,80,2025-11-24 05:19 PM,2025-11-28 01:19 AM,"End-to-End Data Encryption, Role-Based Access Controls (RBAC)",SOC 2 Type II certification,Critical - Unlocks enterprise deals,Phase 2: Differentiation (3-6 months),HIGH
13,Interactive Data Visualizations,Intuitive User Interface,Replace static reports with Chart.js interactive drill-down visualizations,Basic charts exist - needs interactivity,24,2025-11-28 01:19 AM,2025-11-29 01:19 AM,Mobile-First UI Redesign,"Dynamic, explorable analytics",Medium - 30% better decision speed,Phase 2: Differentiation (3-6 months),HIGH
14,One-Click Action Workflows,Intuitive User Interface,"Streamlined interfaces for high-value actions (send email, schedule call, update CRM)",Manual workflows,28,2025-11-29 01:19 AM,2025-11-30 05:19 AM,"Mobile-First UI Redesign, Bi-directional CRM Integration (HubSpot)",Automated workflow execution,High - Saves 8-10 hours weekly,Phase 2: Differentiation (3-6 months),HIGH
15,GDPR/CCPA Compliance Framework,Comprehensive Data Security,"Data governance policies, consent management, retention controls, user rights fulfillment",Not implemented,40,2025-11-30 05:19 AM,2025-12-01 09:19 PM,Role-Based Access Controls (RBAC),EU/California compliance,Critical - Opens EU market (30% TAM),Phase 2: Differentiation (3-6 months),HIGH
16,Natural Language Query Interface,Advanced Analytics & AI,Conversational AI for accessing insights via natural language and voice commands,Not implemented,36,2025-12-01 09:19 PM,2025-12-03 09:19 AM,Predictive Lead Scoring with ML,Voice-activated intelligence queries,High - 45% increase in user adoption,Phase 2: Differentiation (3-6 months),HIGH
17,Proactive Churn Prediction,Customer Success & Retention,"ML models predicting churn risk from usage patterns, enabling proactive intervention",Not implemented,28,2025-12-03 09:19 AM,2025-12-04 01:19 PM,Customer Health Scoring,Early churn warning system,Critical - Prevents 80% of preventable churn,Phase 2: Differentiation (3-6 months),HIGH
18,Salesforce Native Integration,Seamless Integration,Add Salesforce as 2nd major CRM integration with bi-directional sync,API-ready but not implemented,32,2025-12-04 01:19 PM,2025-12-05 09:19 PM,Bi-directional CRM Integration (HubSpot),Multi-CRM platform support,High - Expands addressable market,Phase 2: Differentiation (3-6 months),HIGH
19,Continuous Learning AI Models,Advanced Analytics & AI,Self-improving ML algorithms that learn from each customer interaction,Static models,60,2025-12-05 09:19 PM,2025-12-08 09:19 AM,"Predictive Lead Scoring with ML, Real-time Conversation Intelligence",Self-improving intelligence platform,Strong - Compounds monthly gains,Phase 3: Market Leadership (6-12 months),STRATEGIC
20,Integration Marketplace Ecosystem,Seamless Integration,"Partner network with pre-built connectors to LinkedIn, Slack, Zapier, email platforms",Limited integrations,80,2025-12-08 09:19 AM,2025-12-11 05:19 PM,API-First Architecture,Rich integration ecosystem,Strong - Network effects,Phase 3: Market Leadership (6-12 months),STRATEGIC
21,Voice of Customer Feedback Automation,Customer Success & Retention,"Systematic feedback collection via in-app surveys (NPS/CSAT), usage analytics",No feedback system,24,2025-12-11 05:19 PM,2025-12-12 05:19 PM,In-App Guidance & Onboarding,Automated feedback loops,Medium - Improves NPS by 25 points,Phase 3: Market Leadership (6-12 months),STRATEGIC
